county,date,infected_total,infected_diff,death_total,death_diff,latest_cty_updt,note
Alameda,2020-05-15,2300,66,82,3,2020-05-15,
Alameda,2020-05-14,2234,56,79,3,2020-05-14,
Alameda,2020-05-13,2178,45,76,2,2020-05-13,
Alameda,2020-05-12,2133,32,74,3,2020-05-12,
Alameda,2020-05-11,2101,37,71,0,2020-05-11,
Alameda,2020-05-10,2064,41,71,0,2020-05-10,
Alameda,2020-05-09,2023,62,71,1,2020-05-09,
Alameda,2020-05-08,1961,44,70,3,2020-05-08,
Alameda,2020-05-07,1917,54,67,1,2020-05-07,
Alameda,2020-05-06,1863,54,66,0,2020-05-06,
Alameda,2020-05-05,1809,33,66,3,2020-05-05,
Alameda,2020-05-04,1776,27,63,0,2020-05-04,
Alameda,2020-05-03,1749,43,63,0,2020-05-03,
Alameda,2020-05-02,1706,70,63,1,2020-05-02,
Alameda,2020-05-01,1636,33,62,2,2020-05-01,
Alameda,2020-04-30,1603,35,60,3,2020-04-30,
Alameda,2020-04-29,1568,35,57,2,2020-04-29,
Alameda,2020-04-28,1533,33,55,3,2020-04-28,
Alameda,2020-04-27,1500,30,52,0,2020-04-27,
Alameda,2020-04-26,1470,31,52,0,2020-04-26,
Alameda,2020-04-25,1439,36,52,4,2020-04-25,
Alameda,2020-04-24,1403,51,48,3,2020-04-24,
Alameda,2020-04-23,1352,70,45,0,2020-04-23,
Alameda,2020-04-22,1282,41,45,2,2020-04-22,
Alameda,2020-04-21,1241,48,43,1,2020-04-21,
Alameda,2020-04-20,1193,29,42,0,2020-04-20,
Alameda,2020-04-19,1164,50,42,0,2020-04-19,
Alameda,2020-04-18,1114,51,42,2,2020-04-18,
Alameda,2020-04-17,1063,54,40,1,2020-04-17,
Alameda,2020-04-16,1009,45,39,3,,
Alameda,2020-04-15,964,77,36,13,,
Alameda,2020-04-14,887,-1,23,0,,
Alameda,2020-04-13,888,43,23,0,,
Alameda,2020-04-12,845,37,23,2,,
Alameda,2020-04-11,808,40,21,1,,
Alameda,2020-04-10,768,53,20,3,,
Alameda,2020-04-09,715,41,17,1,,
Alameda,2020-04-08,674,40,16,1,,
Alameda,2020-04-07,634,46,15,2,,
Alameda,2020-04-06,588,22,13,1,,
Alameda,2020-04-05,566,29,12,0,,
Alameda,2020-04-04,537,94,12,0,,
Alameda,2020-04-03,443,47,12,3,,
Alameda,2020-04-02,396,37,9,1,,
Alameda,2020-04-01,359,46,8,1,,
Alameda,2020-03-31,313,30,7,0,,
Alameda,2020-03-30,283,13,7,0,,
Alameda,2020-03-29,270,14,7,1,,
Alameda,2020-03-28,256,36,6,2,,
Alameda,2020-03-27,220,42,4,0,,
Alameda,2020-03-26,178,43,4,2,,
Alameda,2020-03-25,135,0,2,0,,
Alameda,2020-03-24,135,13,2,1,,
Alameda,2020-03-23,122,16,1,1,,
Alameda,2020-03-22,106,35,0,0,,
Alameda,2020-03-21,71,21,0,0,,
Alameda,2020-03-20,50,12,0,0,,
Alameda,2020-03-19,38,4,0,0,,
Alameda,2020-03-18,34,4,0,0,,
Alameda,2020-03-17,30,9,0,0,,
Alameda,2020-03-16,21,3,0,0,,
Alameda,2020-03-15,18,8,0,0,,
Alameda,2020-03-14,10,1,0,0,,
Alameda,2020-03-13,9,0,0,0,,
Alameda,2020-03-12,9,4,0,0,,
Alameda,2020-03-11,5,0,0,0,,
Alameda,2020-03-10,5,2,0,0,,
Alameda,2020-03-09,3,0,0,0,,
Alameda,2020-03-08,3,0,0,0,,
Alameda,2020-03-07,3,0,0,0,,
Alameda,2020-03-06,3,1,0,0,,
Alameda,2020-03-05,2,0,0,0,,
Alameda,2020-03-04,2,0,0,0,,
Alameda,2020-03-03,2,1,0,0,,
Alameda,2020-03-02,1,0,0,0,,
Alameda,2020-03-01,1,1,0,0,,
Alameda only,2020-05-15,2233,67,81,3,2020-05-15,
Alameda only,2020-05-14,2166,55,78,3,2020-05-14,
Alameda only,2020-05-13,2111,45,75,2,2020-05-13,
Alameda only,2020-05-12,2066,31,73,3,2020-05-12,
Alameda only,2020-05-11,2035,37,70,0,2020-05-11,
Alameda only,2020-05-10,1998,41,70,0,2020-05-10,
Alameda only,2020-05-09,1957,60,70,1,2020-05-09,
Alameda only,2020-05-08,1897,43,69,3,2020-05-08,
Alameda only,2020-05-07,1854,51,66,1,2020-05-07,
Alameda only,2020-05-06,1803,50,65,0,2020-05-06,
Alameda only,2020-05-05,1753,31,65,3,2020-05-05,
Alameda only,2020-05-04,1722,26,62,0,2020-05-04,
Alameda only,2020-05-03,1696,44,62,0,2020-05-03,
Alameda only,2020-05-02,1652,70,62,1,2020-05-02,
Alameda only,2020-05-01,1582,31,61,2,2020-05-01,
Alameda only,2020-04-30,1551,34,59,3,2020-04-30,
Alameda only,2020-04-29,1517,34,56,2,2020-04-29,
Alameda only,2020-04-28,1483,32,54,3,2020-04-28,
Alameda only,2020-04-27,1451,30,51,0,2020-04-27,
Alameda only,2020-04-26,1421,31,51,0,2020-04-26,
Alameda only,2020-04-25,1390,36,51,4,2020-04-25,
Alameda only,2020-04-24,1354,49,47,3,2020-04-24,
Alameda only,2020-04-23,1305,70,44,0,2020-04-23,
Alameda only,2020-04-22,1235,40,44,2,2020-04-22,
Alameda only,2020-04-21,1195,46,42,1,2020-04-21,
Alameda only,2020-04-20,1149,27,41,0,2020-04-20,
Alameda only,2020-04-19,1122,50,41,0,2020-04-19,
Alameda only,2020-04-18,1072,51,41,2,2020-04-18,
Alameda only,2020-04-17,1021,53,39,1,2020-04-17,
Alameda only,2020-04-16,968,44,38,3,,
Alameda only,2020-04-15,924,75,35,13,,
Alameda only,2020-04-14,849,-1,22,0,,
Alameda only,2020-04-13,850,43,22,0,,
Alameda only,2020-04-12,807,37,22,2,,
Alameda only,2020-04-11,770,40,20,1,,
Alameda only,2020-04-10,730,49,19,3,,
Alameda only,2020-04-09,681,41,16,0,,
Alameda only,2020-04-08,640,38,16,1,,
Alameda only,2020-04-07,602,45,15,2,,
Alameda only,2020-04-06,557,18,13,1,,
Alameda only,2020-04-05,539,29,12,0,,
Alameda only,2020-04-04,510,94,12,0,,
Alameda only,2020-04-03,416,43,12,3,,
Alameda only,2020-04-02,373,34,9,1,,
Alameda only,2020-04-01,339,45,8,1,,
Alameda only,2020-03-31,294,30,7,0,,
Alameda only,2020-03-30,264,10,7,0,,
Alameda only,2020-03-29,254,14,7,1,,
Alameda only,2020-03-28,240,36,6,2,,
Alameda only,2020-03-27,204,40,4,0,,
Alameda only,2020-03-26,164,40,4,2,,
Alameda only,2020-03-25,124,0,2,0,,
Alameda only,2020-03-24,124,12,2,1,,
Alameda only,2020-03-23,112,12,1,1,,
Alameda only,2020-03-22,100,35,0,0,,
Alameda only,2020-03-21,65,20,0,0,,
Alameda only,2020-03-20,45,10,0,0,,
Alameda only,2020-03-19,35,4,0,0,,
Alameda only,2020-03-18,31,4,0,0,,
Alameda only,2020-03-17,27,9,0,0,,
Alameda only,2020-03-16,18,3,0,0,,
Alameda only,2020-03-15,15,8,0,0,,
Alameda only,2020-03-14,7,0,0,0,,
Alameda only,2020-03-13,7,0,0,0,,
Alameda only,2020-03-12,7,4,0,0,,
Alameda only,2020-03-11,3,0,0,0,,
Alameda only,2020-03-10,3,1,0,0,,
Alameda only,2020-03-09,2,0,0,0,,
Alameda only,2020-03-08,2,0,0,0,,
Alameda only,2020-03-07,2,0,0,0,,
Alameda only,2020-03-06,2,1,0,0,,
Alameda only,2020-03-05,1,0,0,0,,
Alameda only,2020-03-04,1,0,0,0,,
Alameda only,2020-03-03,1,0,0,0,,
Alameda only,2020-03-02,1,0,0,0,,
Alameda only,2020-03-01,1,1,0,0,,
Berkeley,2020-05-15,67,-1,1,0,2020-05-15,
Berkeley,2020-05-14,68,1,1,0,2020-05-14,
Berkeley,2020-05-13,67,0,1,0,2020-05-13,
Berkeley,2020-05-12,67,1,1,0,2020-05-12,
Berkeley,2020-05-11,66,0,1,0,2020-05-11,
Berkeley,2020-05-10,66,0,1,0,2020-05-10,
Berkeley,2020-05-09,66,2,1,0,2020-05-09,
Berkeley,2020-05-08,64,1,1,0,2020-05-08,
Berkeley,2020-05-07,63,3,1,0,2020-05-07,
Berkeley,2020-05-06,60,4,1,0,2020-05-06,
Berkeley,2020-05-05,56,2,1,0,2020-05-05,
Berkeley,2020-05-04,54,1,1,0,2020-05-04,
Berkeley,2020-05-03,53,-1,1,0,2020-05-03,
Berkeley,2020-05-02,54,0,1,0,2020-05-02,
Berkeley,2020-05-01,54,2,1,0,2020-05-01,
Berkeley,2020-04-30,52,1,1,0,2020-04-30,
Berkeley,2020-04-29,51,1,1,0,2020-04-29,
Berkeley,2020-04-28,50,1,1,0,2020-04-28,
Berkeley,2020-04-27,49,0,1,0,2020-04-27,
Berkeley,2020-04-26,49,0,1,0,2020-04-24,
Berkeley,2020-04-25,49,0,1,0,2020-04-24,
Berkeley,2020-04-24,49,2,1,0,2020-04-24,
Berkeley,2020-04-23,47,0,1,0,2020-04-23,
Berkeley,2020-04-22,47,1,1,0,2020-04-22,
Berkeley,2020-04-21,46,2,1,0,2020-04-21,
Berkeley,2020-04-20,44,2,1,0,2020-04-20,
Berkeley,2020-04-19,42,0,1,0,2020-04-17,
Berkeley,2020-04-18,42,0,1,0,2020-04-17,
Berkeley,2020-04-17,42,1,1,0,2020-04-17,
Berkeley,2020-04-16,41,1,1,0,,
Berkeley,2020-04-15,40,2,1,0,,
Berkeley,2020-04-14,38,0,1,0,,
Berkeley,2020-04-13,38,0,1,0,,
Berkeley,2020-04-12,38,0,1,0,,
Berkeley,2020-04-11,38,0,1,0,,
Berkeley,2020-04-10,38,4,1,0,,
Berkeley,2020-04-09,34,0,1,1,,
Berkeley,2020-04-08,34,2,0,0,,
Berkeley,2020-04-07,32,1,0,0,,
Berkeley,2020-04-06,31,4,0,0,,
Berkeley,2020-04-05,27,0,0,0,,
Berkeley,2020-04-04,27,0,0,0,,
Berkeley,2020-04-03,27,4,0,0,,
Berkeley,2020-04-02,23,3,0,0,,
Berkeley,2020-04-01,20,1,0,0,,
Berkeley,2020-03-31,19,0,0,0,,
Berkeley,2020-03-30,19,3,0,0,,
Berkeley,2020-03-29,16,0,0,0,,
Berkeley,2020-03-28,16,0,0,0,,
Berkeley,2020-03-27,16,2,0,0,,
Berkeley,2020-03-26,14,3,0,0,,
Berkeley,2020-03-25,11,0,0,0,,
Berkeley,2020-03-24,11,1,0,0,,
Berkeley,2020-03-23,10,4,0,0,,
Berkeley,2020-03-22,6,0,0,0,,
Berkeley,2020-03-21,6,1,0,0,,
Berkeley,2020-03-20,5,2,0,0,,
Berkeley,2020-03-19,3,0,0,0,,
Berkeley,2020-03-18,3,0,0,0,,
Berkeley,2020-03-17,3,0,0,0,,
Berkeley,2020-03-16,3,0,0,0,,
Berkeley,2020-03-15,3,0,0,0,,
Berkeley,2020-03-14,3,1,0,0,,
Berkeley,2020-03-13,2,0,0,0,,
Berkeley,2020-03-12,2,0,0,0,,
Berkeley,2020-03-11,2,0,0,0,,
Berkeley,2020-03-10,2,1,0,0,,
Berkeley,2020-03-09,1,0,0,0,,
Berkeley,2020-03-08,1,0,0,0,,
Berkeley,2020-03-07,1,0,0,0,,
Berkeley,2020-03-06,1,0,0,0,,
Berkeley,2020-03-05,1,0,0,0,,
Berkeley,2020-03-04,1,0,0,0,,
Berkeley,2020-03-03,1,1,0,0,,
Contra Costa,2020-05-15,1100,11,33,0,2020-05-15,
Contra Costa,2020-05-14,1089,9,33,0,2020-05-14,
Contra Costa,2020-05-13,1080,14,33,1,2020-05-13,
Contra Costa,2020-05-12,1066,18,32,0,2020-05-12,
Contra Costa,2020-05-11,1048,0,32,0,2020-05-11,
Contra Costa,2020-05-10,1048,12,32,0,2020-05-10,
Contra Costa,2020-05-09,1036,22,32,3,2020-05-09,
Contra Costa,2020-05-08,1014,15,29,0,2020-05-08,
Contra Costa,2020-05-07,999,14,29,0,2020-05-07,
Contra Costa,2020-05-06,985,16,29,0,2020-05-06,
Contra Costa,2020-05-05,969,22,29,1,2020-05-05,
Contra Costa,2020-05-04,947,2,28,0,2020-05-04,
Contra Costa,2020-05-03,945,11,28,0,2020-05-03,
Contra Costa,2020-05-02,934,27,28,0,2020-05-02,
Contra Costa,2020-05-01,907,16,28,1,2020-05-01,
Contra Costa,2020-04-30,891,29,27,2,2020-04-30,
Contra Costa,2020-04-29,862,20,25,0,2020-04-29,
Contra Costa,2020-04-28,842,22,25,0,2020-04-28,
Contra Costa,2020-04-27,820,3,25,0,2020-04-27,
Contra Costa,2020-04-26,817,12,25,0,2020-04-26,
Contra Costa,2020-04-25,805,19,25,2,2020-04-25,
Contra Costa,2020-04-24,786,16,23,0,2020-04-24,
Contra Costa,2020-04-23,770,7,23,1,2020-04-23,
Contra Costa,2020-04-22,763,14,22,0,2020-04-22,
Contra Costa,2020-04-21,749,42,22,0,2020-04-21,
Contra Costa,2020-04-20,707,14,22,2,2020-04-20,
Contra Costa,2020-04-19,693,8,20,1,2020-04-19,
Contra Costa,2020-04-18,685,37,19,0,2020-04-18,
Contra Costa,2020-04-17,648,17,19,3,2020-04-17,
Contra Costa,2020-04-16,631,16,16,2,,
Contra Costa,2020-04-15,615,15,14,2,,
Contra Costa,2020-04-14,600,48,12,1,,
Contra Costa,2020-04-13,552,13,11,0,,
Contra Costa,2020-04-12,539,9,11,0,,
Contra Costa,2020-04-11,530,19,11,2,,
Contra Costa,2020-04-10,511,27,9,1,,
Contra Costa,2020-04-09,484,22,8,1,,
Contra Costa,2020-04-08,462,20,7,0,,
Contra Costa,2020-04-07,442,25,7,0,,
Contra Costa,2020-04-06,417,31,7,1,,
Contra Costa,2020-04-05,386,33,6,1,,
Contra Costa,2020-04-04,353,46,5,0,,
Contra Costa,2020-04-03,307,31,5,2,,
Contra Costa,2020-04-02,276,26,3,0,,
Contra Costa,2020-04-01,250,28,3,0,,
Contra Costa,2020-03-31,222,35,3,0,,
Contra Costa,2020-03-30,187,12,3,0,,
Contra Costa,2020-03-29,175,7,3,0,,
Contra Costa,2020-03-28,168,21,3,2,,
Contra Costa,2020-03-27,147,16,1,0,,
Contra Costa,2020-03-26,131,23,1,0,,
Contra Costa,2020-03-25,108,22,1,0,,
Contra Costa,2020-03-24,86,15,1,0,,
Contra Costa,2020-03-23,71,10,1,0,,
Contra Costa,2020-03-22,61,10,1,0,,
Contra Costa,2020-03-21,51,5,1,0,,
Contra Costa,2020-03-20,46,4,1,1,,Person in 70s
Contra Costa,2020-03-19,42,1,0,0,,
Contra Costa,2020-03-18,41,2,0,0,,
Contra Costa,2020-03-17,39,5,0,0,,
Contra Costa,2020-03-16,34,5,0,0,,
Contra Costa,2020-03-15,29,0,0,0,,
Contra Costa,2020-03-14,29,4,0,0,,
Contra Costa,2020-03-13,25,9,0,0,,
Contra Costa,2020-03-12,16,6,0,0,,
Contra Costa,2020-03-11,10,0,0,0,,
Contra Costa,2020-03-10,10,1,0,0,,
Contra Costa,2020-03-09,9,0,0,0,,
Contra Costa,2020-03-08,9,5,0,0,,
Contra Costa,2020-03-07,4,0,0,0,,
Contra Costa,2020-03-06,4,3,0,0,,
Contra Costa,2020-03-05,1,0,0,0,,
Contra Costa,2020-03-04,1,0,0,0,,
Contra Costa,2020-03-03,1,1,0,0,,
Marin,2020-05-15,287,8,14,0,2020-05-15,
Marin,2020-05-14,279,4,14,0,2020-05-14,
Marin,2020-05-13,275,4,14,0,2020-05-13,
Marin,2020-05-12,271,6,14,0,2020-05-12,
Marin,2020-05-11,265,4,14,0,2020-05-11,
Marin,2020-05-10,261,2,14,0,2020-05-10,
Marin,2020-05-09,259,2,14,0,2020-05-09,
Marin,2020-05-08,257,2,14,0,2020-05-08,
Marin,2020-05-07,255,8,14,0,2020-05-07,
Marin,2020-05-06,247,4,14,0,2020-05-06,
Marin,2020-05-05,243,2,14,1,2020-05-05,
Marin,2020-05-04,241,1,13,0,2020-05-04,
Marin,2020-05-03,240,1,13,0,2020-05-03,
Marin,2020-05-02,239,0,13,0,2020-05-02,
Marin,2020-05-01,239,2,13,0,2020-05-01,
Marin,2020-04-30,237,2,13,0,2020-04-30,
Marin,2020-04-29,235,9,13,1,2020-04-29,
Marin,2020-04-28,226,2,12,0,2020-04-28,
Marin,2020-04-27,224,0,12,0,2020-04-27,
Marin,2020-04-26,224,1,12,0,2020-04-26,
Marin,2020-04-25,223,11,12,1,2020-04-25,
Marin,2020-04-24,212,3,11,0,2020-04-24,
Marin,2020-04-23,209,6,11,0,2020-04-23,
Marin,2020-04-22,203,3,11,1,2020-04-22,
Marin,2020-04-21,200,1,10,0,2020-04-21,
Marin,2020-04-20,199,4,10,0,2020-04-20,
Marin,2020-04-19,195,6,10,0,2020-04-19,
Marin,2020-04-18,189,2,10,0,2020-04-18,
Marin,2020-04-17,187,0,10,0,2020-04-17,
Marin,2020-04-16,187,3,10,0,,
Marin,2020-04-15,184,13,10,0,,
Marin,2020-04-14,171,1,10,0,,
Marin,2020-04-13,170,6,10,0,,
Marin,2020-04-12,164,11,10,0,,
Marin,2020-04-11,153,0,10,0,,
Marin,2020-04-10,153,0,10,0,,
Marin,2020-04-09,153,4,10,0,,
Marin,2020-04-08,149,1,10,0,,
Marin,2020-04-07,148,5,10,1,,
Marin,2020-04-06,143,2,9,2,,
Marin,2020-04-05,141,4,7,0,,
Marin,2020-04-04,137,6,7,1,,
Marin,2020-04-03,131,13,6,0,,
Marin,2020-04-02,118,10,6,0,,
Marin,2020-04-01,108,1,6,1,,
Marin,2020-03-31,107,9,5,1,,
Marin,2020-03-30,98,5,4,3,,
Marin,2020-03-29,93,19,1,0,,
Marin,2020-03-28,74,5,1,0,,
Marin,2020-03-27,69,4,1,1,,Man in 70s
Marin,2020-03-26,65,5,0,0,,
Marin,2020-03-25,60,7,0,0,,
Marin,2020-03-24,53,6,0,0,,
Marin,2020-03-23,47,9,0,0,,
Marin,2020-03-22,38,0,0,0,,
Marin,2020-03-21,38,0,0,0,,
Marin,2020-03-20,38,13,0,0,,
Marin,2020-03-19,25,10,0,0,,
Marin,2020-03-18,15,0,0,0,,
Marin,2020-03-17,15,4,0,0,,
Marin,2020-03-16,11,2,0,0,,
Marin,2020-03-15,9,4,0,0,,
Marin,2020-03-14,5,2,0,0,,
Marin,2020-03-13,3,0,0,0,,
Marin,2020-03-12,3,0,0,0,,
Marin,2020-03-11,3,2,0,0,,
Marin,2020-03-10,1,0,0,0,,
Marin,2020-03-09,1,0,0,0,,
Marin,2020-03-08,1,1,0,0,,
Monterey,2020-05-13,317,9,6,0,2020-05-15,
Monterey,2020-05-12,308,9,6,0,2020-05-14,
Monterey,2020-05-11,299,11,6,0,2020-05-13,
Monterey,2020-05-10,288,9,6,0,2020-05-12,
Monterey,2020-05-09,279,2,6,0,2020-05-11,
Monterey,2020-05-08,277,10,6,0,2020-05-11,
Monterey,2020-05-07,267,17,6,0,2020-05-11,
Monterey,2020-05-06,250,3,6,0,2020-05-08,
Monterey,2020-05-05,247,6,6,0,2020-05-07,
Monterey,2020-05-04,241,4,6,0,2020-05-06,
Monterey,2020-05-03,237,2,6,0,2020-05-05,
Monterey,2020-05-02,235,9,6,1,2020-05-04,
Monterey,2020-05-01,226,4,5,0,2020-05-04,
Monterey,2020-04-30,222,9,5,0,2020-05-04,
Monterey,2020-04-29,213,7,5,0,2020-05-01,
Monterey,2020-04-28,206,15,5,0,2020-04-30,
Monterey,2020-04-27,191,6,5,1,2020-04-29,
Monterey,2020-04-26,185,2,4,0,2020-04-28,
Monterey,2020-04-25,183,7,4,0,2020-04-28,
Monterey,2020-04-24,176,7,4,0,2020-04-28,
Monterey,2020-04-23,169,5,4,0,2020-04-28,
Monterey,2020-04-22,164,10,4,0,2020-04-24,
Monterey,2020-04-21,154,4,4,0,2020-04-24,
Monterey,2020-04-20,150,2,4,0,2020-04-22,
Monterey,2020-04-19,148,7,4,0,2020-04-22,
Monterey,2020-04-18,141,5,4,1,2020-04-20,
Monterey,2020-04-17,136,17,3,0,2020-04-20,
Monterey,2020-04-16,119,0,3,0,2020-04-20,
Monterey,2020-04-15,119,11,3,0,2020-04-20,
Monterey,2020-04-14,108,8,3,0,2020-04-16,
Monterey,2020-04-13,100,13,3,0,,
Monterey,2020-04-12,87,0,3,0,,
Monterey,2020-04-11,87,5,3,0,,
Monterey,2020-04-10,82,3,3,0,,
Monterey,2020-04-09,79,8,3,0,,
Monterey,2020-04-08,71,2,3,1,,
Monterey,2020-04-07,69,5,2,0,,
Monterey,2020-04-06,64,1,2,0,,
Monterey,2020-04-05,63,1,2,0,,
Monterey,2020-04-04,62,0,2,0,,
Monterey,2020-04-03,62,5,2,0,,
Monterey,2020-04-02,57,4,2,0,,
Monterey,2020-04-01,53,5,2,0,,
Monterey,2020-03-31,48,6,2,1,,
Monterey,2020-03-30,42,6,1,0,,
Monterey,2020-03-29,36,4,1,0,,
Monterey,2020-03-28,32,5,1,0,,
Monterey,2020-03-27,27,3,1,0,,
Monterey,2020-03-26,24,0,1,0,,
Monterey,2020-03-25,24,4,1,0,,
Monterey,2020-03-24,20,6,1,0,,
Monterey,2020-03-23,14,3,1,0,,
Monterey,2020-03-22,11,4,1,0,,
Monterey,2020-03-21,7,2,1,1,,
Monterey,2020-03-20,5,3,0,0,,
Monterey,2020-03-19,2,0,0,0,,
Monterey,2020-03-18,2,0,0,0,,
Monterey,2020-03-17,2,2,0,0,,
Napa,2020-05-15,83,0,3,0,2020-05-15,
Napa,2020-05-14,83,2,3,0,2020-05-14,
Napa,2020-05-13,81,0,3,0,2020-05-13,
Napa,2020-05-12,81,2,3,0,2020-05-12,
Napa,2020-05-11,79,0,3,1,2020-05-11,
Napa,2020-05-10,79,0,2,0,2020-05-09,
Napa,2020-05-09,79,0,2,0,2020-05-09,
Napa,2020-05-08,79,1,2,0,2020-05-08,
Napa,2020-05-07,78,0,2,0,2020-05-07,
Napa,2020-05-06,78,3,2,0,2020-05-06,
Napa,2020-05-05,75,1,2,0,2020-05-05,
Napa,2020-05-04,74,4,2,0,2020-05-04,
Napa,2020-05-03,70,0,2,0,2020-05-02,
Napa,2020-05-02,70,2,2,0,2020-05-02,
Napa,2020-05-01,68,1,2,0,2020-05-01,
Napa,2020-04-30,67,0,2,0,2020-04-30,
Napa,2020-04-29,67,1,2,0,2020-04-29,
Napa,2020-04-28,66,2,2,0,2020-04-28,
Napa,2020-04-27,64,4,2,0,2020-04-27,
Napa,2020-04-26,60,0,2,0,2020-04-25,
Napa,2020-04-25,60,2,2,0,2020-04-25,
Napa,2020-04-24,58,1,2,0,2020-04-24,
Napa,2020-04-23,57,0,2,0,2020-04-23,
Napa,2020-04-22,57,3,2,0,2020-04-22,
Napa,2020-04-21,54,6,2,0,2020-04-21,
Napa,2020-04-20,48,4,2,0,2020-04-20,
Napa,2020-04-19,44,0,2,0,2020-04-17,
Napa,2020-04-18,44,0,2,0,2020-04-17,
Napa,2020-04-17,44,6,2,0,2020-04-17,
Napa,2020-04-16,38,0,2,0,,
Napa,2020-04-15,38,0,2,0,,
Napa,2020-04-14,38,4,2,0,,
Napa,2020-04-13,34,0,2,0,,
Napa,2020-04-12,34,0,2,0,,
Napa,2020-04-11,34,2,2,0,,
Napa,2020-04-10,32,4,2,0,,
Napa,2020-04-09,28,3,2,0,,
Napa,2020-04-08,25,2,2,0,,
Napa,2020-04-07,23,1,2,0,,
Napa,2020-04-06,22,2,2,0,,
Napa,2020-04-05,20,0,2,0,,
Napa,2020-04-04,20,0,2,0,,
Napa,2020-04-03,20,2,2,1,,
Napa,2020-04-02,18,0,1,0,,
Napa,2020-04-01,18,3,1,0,,
Napa,2020-03-31,15,1,1,1,,
Napa,2020-03-30,14,0,0,0,,
Napa,2020-03-29,14,4,0,0,,
Napa,2020-03-28,10,1,0,0,,
Napa,2020-03-27,9,2,0,0,,
Napa,2020-03-26,7,1,0,0,,
Napa,2020-03-25,6,3,0,0,,
Napa,2020-03-24,3,1,0,0,,
Napa,2020-03-23,2,0,0,0,,
Napa,2020-03-22,2,2,0,0,,
San Francisco,2020-05-15,2026,27,36,1,2020-05-15,
San Francisco,2020-05-14,1999,5,35,0,2020-05-14,
San Francisco,2020-05-13,1994,17,35,0,2020-05-13,
San Francisco,2020-05-12,1977,23,35,0,2020-05-12,
San Francisco,2020-05-11,1954,11,35,1,2020-05-11,
San Francisco,2020-05-10,1943,52,34,1,2020-05-10,
San Francisco,2020-05-09,1891,38,33,0,2020-05-09,
San Francisco,2020-05-08,1853,47,33,1,2020-05-08,
San Francisco,2020-05-07,1806,52,32,1,2020-05-07,
San Francisco,2020-05-06,1754,26,31,0,2020-05-06,
San Francisco,2020-05-05,1728,104,31,2,2020-05-05,
San Francisco,2020-05-04,1624,22,29,0,2020-05-04,
San Francisco,2020-05-03,1602,59,29,0,2020-05-03,
San Francisco,2020-05-02,1543,20,29,1,2020-05-02,
San Francisco,2020-05-01,1523,24,28,3,2020-05-01,
San Francisco,2020-04-30,1499,9,25,2,2020-04-30,
San Francisco,2020-04-29,1490,22,23,0,2020-04-29,
San Francisco,2020-04-28,1468,44,23,0,2020-04-28,
San Francisco,2020-04-27,1424,16,23,1,2020-04-27,
San Francisco,2020-04-26,1408,54,22,0,2020-04-26,
San Francisco,2020-04-25,1354,14,22,0,2020-04-25,
San Francisco,2020-04-24,1340,38,22,1,2020-04-24,
San Francisco,2020-04-23,1302,69,21,0,2020-04-23,
San Francisco,2020-04-22,1233,2,21,1,2020-04-22,
San Francisco,2020-04-21,1231,15,20,0,2020-04-21,
San Francisco,2020-04-20,1216,59,20,0,2020-04-20,
San Francisco,2020-04-19,1157,20,20,0,2020-04-19,
San Francisco,2020-04-18,1137,79,20,0,2020-04-18,
San Francisco,2020-04-17,1058,39,20,3,2020-04-17,
San Francisco,2020-04-16,1019,6,17,0,,
San Francisco,2020-04-15,1013,26,17,2,,
San Francisco,2020-04-14,987,30,15,0,,
San Francisco,2020-04-13,957,85,15,1,,
San Francisco,2020-04-12,872,15,14,1,,
San Francisco,2020-04-11,857,60,13,0,,
San Francisco,2020-04-10,797,73,13,3,,
San Francisco,2020-04-09,724,48,10,0,,
San Francisco,2020-04-08,676,54,10,1,,
San Francisco,2020-04-07,622,39,9,0,,
San Francisco,2020-04-06,583,15,9,1,,
San Francisco,2020-04-05,568,39,8,0,,
San Francisco,2020-04-04,529,32,8,1,,
San Francisco,2020-04-03,497,47,7,0,,
San Francisco,2020-04-02,450,16,7,0,,
San Francisco,2020-04-01,434,37,7,1,,
San Francisco,2020-03-31,397,23,6,0,,
San Francisco,2020-03-30,374,34,6,1,,
San Francisco,2020-03-29,340,32,5,1,,
San Francisco,2020-03-28,308,29,4,1,,
San Francisco,2020-03-27,279,56,3,1,,
San Francisco,2020-03-26,223,45,2,1,,
San Francisco,2020-03-25,178,26,1,0,,
San Francisco,2020-03-24,152,21,1,1,,Man in 40s
San Francisco,2020-03-23,131,23,0,0,,
San Francisco,2020-03-22,108,24,0,0,,
San Francisco,2020-03-21,84,8,0,0,,
San Francisco,2020-03-20,76,6,0,0,,
San Francisco,2020-03-19,70,19,0,0,,
San Francisco,2020-03-18,51,8,0,0,,
San Francisco,2020-03-17,43,3,0,0,,
San Francisco,2020-03-16,40,3,0,0,,
San Francisco,2020-03-15,37,9,0,0,,
San Francisco,2020-03-14,28,5,0,0,,
San Francisco,2020-03-13,23,5,0,0,,
San Francisco,2020-03-12,18,4,0,0,,
San Francisco,2020-03-11,14,0,0,0,,
San Francisco,2020-03-10,14,1,0,0,,
San Francisco,2020-03-09,13,5,0,0,,
San Francisco,2020-03-08,8,0,0,0,,
San Francisco,2020-03-07,8,6,0,0,,
San Francisco,2020-03-06,2,0,0,0,,
San Francisco,2020-03-05,2,2,0,0,,
San Mateo,2020-05-14,1575,39,66,1,2020-05-15,
San Mateo,2020-05-13,1536,21,65,0,2020-05-14,
San Mateo,2020-05-12,1515,18,65,0,2020-05-13,
San Mateo,2020-05-11,1497,33,65,9,2020-05-12,
San Mateo,2020-05-10,1464,39,56,0,2020-05-11,
San Mateo,2020-05-09,1425,0,56,0,2020-05-09,
San Mateo,2020-05-08,1425,28,56,0,2020-05-09,
San Mateo,2020-05-07,1397,20,56,0,2020-05-08,
San Mateo,2020-05-06,1377,36,56,0,2020-05-07,
San Mateo,2020-05-05,1341,26,56,0,2020-05-06,
San Mateo,2020-05-04,1315,34,56,5,2020-05-05,
San Mateo,2020-05-03,1281,48,51,0,2020-05-04,
San Mateo,2020-05-02,1233,0,51,0,2020-05-02,
San Mateo,2020-05-01,1233,36,51,0,2020-05-02,
San Mateo,2020-04-30,1197,20,51,3,2020-05-01,
San Mateo,2020-04-29,1177,41,48,0,2020-04-30,
San Mateo,2020-04-28,1136,37,48,0,2020-04-29,
San Mateo,2020-04-27,1099,19,48,7,2020-04-28,
San Mateo,2020-04-26,1080,61,41,0,2020-04-27,
San Mateo,2020-04-25,1019,0,41,0,2020-04-25,
San Mateo,2020-04-24,1019,30,41,0,2020-04-25,
San Mateo,2020-04-23,989,23,41,2,2020-04-24,
San Mateo,2020-04-22,966,8,39,0,2020-04-23,
San Mateo,2020-04-21,958,23,39,11,2020-04-22,
San Mateo,2020-04-20,935,15,28,0,2020-04-21,
San Mateo,2020-04-19,920,82,28,0,2020-04-20,
San Mateo,2020-04-18,838,0,28,0,2020-04-17,
San Mateo,2020-04-17,838,41,28,0,2020-04-17,
San Mateo,2020-04-16,797,30,28,0,,
San Mateo,2020-04-15,767,20,28,7,,
San Mateo,2020-04-14,747,46,21,0,,
San Mateo,2020-04-13,701,49,21,0,,
San Mateo,2020-04-12,652,0,21,0,,
San Mateo,2020-04-11,652,0,21,0,,
San Mateo,2020-04-10,652,14,21,0,,
San Mateo,2020-04-09,638,5,21,0,,
San Mateo,2020-04-08,633,16,21,0,,
San Mateo,2020-04-07,617,28,21,0,,
San Mateo,2020-04-06,589,10,21,8,,
San Mateo,2020-04-05,579,24,13,0,,
San Mateo,2020-04-04,555,17,13,0,,
San Mateo,2020-04-03,538,52,13,0,,
San Mateo,2020-04-02,486,33,13,3,,
San Mateo,2020-04-01,453,65,10,0,,
San Mateo,2020-03-31,388,79,10,0,,
San Mateo,2020-03-30,309,32,10,4,,
San Mateo,2020-03-29,277,3,6,0,,
San Mateo,2020-03-28,274,35,6,0,,
San Mateo,2020-03-27,239,44,6,1,,
San Mateo,2020-03-26,195,30,5,0,,
San Mateo,2020-03-25,165,4,5,4,,
San Mateo,2020-03-24,161,19,1,0,,
San Mateo,2020-03-23,142,25,1,0,,
San Mateo,2020-03-22,117,7,1,0,,
San Mateo,2020-03-21,110,10,1,0,,
San Mateo,2020-03-20,100,11,1,0,,
San Mateo,2020-03-19,89,9,1,0,,
San Mateo,2020-03-18,80,16,1,0,,
San Mateo,2020-03-17,64,22,1,0,,
San Mateo,2020-03-16,42,10,1,0,,
San Mateo,2020-03-15,32,0,1,1,,
San Mateo,2020-03-14,32,12,0,0,,
San Mateo,2020-03-13,20,0,0,0,,
San Mateo,2020-03-12,20,5,0,0,,
San Mateo,2020-03-11,15,6,0,0,,
San Mateo,2020-03-10,9,0,0,0,,
San Mateo,2020-03-09,9,8,0,0,,
San Mateo,2020-03-08,1,0,0,0,,
San Mateo,2020-03-07,1,0,0,0,,
San Mateo,2020-03-06,1,0,0,0,,
San Mateo,2020-03-05,1,0,0,0,,
San Mateo,2020-03-04,1,0,0,0,,
San Mateo,2020-03-03,1,0,0,0,,
San Mateo,2020-03-02,1,1,0,0,,
Santa Clara,2020-05-15,2403,12,135,1,2020-05-15,
Santa Clara,2020-05-14,2391,10,134,2,2020-05-14,
Santa Clara,2020-05-13,2381,17,132,2,2020-05-13,
Santa Clara,2020-05-12,2364,23,130,1,2020-05-12,
Santa Clara,2020-05-11,2341,2,129,0,2020-05-11,
Santa Clara,2020-05-10,2339,32,129,1,2020-05-10,
Santa Clara,2020-05-09,2307,17,128,0,2020-05-09,
Santa Clara,2020-05-08,2290,9,128,1,2020-05-08,
Santa Clara,2020-05-07,2281,13,127,1,2020-05-07,
Santa Clara,2020-05-06,2268,13,126,5,2020-05-06,
Santa Clara,2020-05-05,2255,11,121,4,2020-05-05,
Santa Clara,2020-05-04,2244,13,117,2,2020-05-04,
Santa Clara,2020-05-03,2231,27,115,1,2020-05-03,
Santa Clara,2020-05-02,2204,25,114,1,2020-05-02,
Santa Clara,2020-05-01,2179,16,113,2,2020-05-01,
Santa Clara,2020-04-30,2163,29,111,4,2020-04-30,
Santa Clara,2020-04-29,2134,12,107,1,2020-04-29,
Santa Clara,2020-04-28,2122,17,106,3,2020-04-28,
Santa Clara,2020-04-27,2105,21,103,3,2020-04-27,
Santa Clara,2020-04-26,2084,44,100,1,2020-04-26,
Santa Clara,2020-04-25,2040,22,99,1,2020-04-25,
Santa Clara,2020-04-24,2018,31,98,3,2020-04-24,
Santa Clara,2020-04-23,1987,25,95,1,2020-04-23,
Santa Clara,2020-04-22,1962,16,94,6,2020-04-22,
Santa Clara,2020-04-21,1946,24,88,5,2020-04-21,
Santa Clara,2020-04-20,1922,52,83,10,2020-04-20,
Santa Clara,2020-04-19,1870,0,73,0,2020-04-17,
Santa Clara,2020-04-18,1870,0,73,0,2020-04-17,
Santa Clara,2020-04-17,1870,37,73,4,2020-04-17,
Santa Clara,2020-04-16,1833,40,69,4,,
Santa Clara,2020-04-15,1793,71,65,1,,
Santa Clara,2020-04-14,1722,56,64,4,,
Santa Clara,2020-04-13,1666,45,60,6,,
Santa Clara,2020-04-12,1621,55,54,3,,
Santa Clara,2020-04-11,1566,82,51,1,,
Santa Clara,2020-04-10,1484,42,50,3,,
Santa Clara,2020-04-09,1442,62,47,1,,
Santa Clara,2020-04-08,1380,95,46,3,,
Santa Clara,2020-04-07,1285,61,43,1,,
Santa Clara,2020-04-06,1224,17,42,3,,
Santa Clara,2020-04-05,1207,59,39,0,,
Santa Clara,2020-04-04,1148,54,39,1,,
Santa Clara,2020-04-03,1094,75,38,2,,
Santa Clara,2020-04-02,1019,63,36,4,,
Santa Clara,2020-04-01,956,66,32,2,,
Santa Clara,2020-03-31,890,42,30,2,,
Santa Clara,2020-03-30,848,202,28,3,,
Santa Clara,2020-03-29,646,55,25,0,,
Santa Clara,2020-03-28,591,17,25,5,,
Santa Clara,2020-03-27,574,32,20,1,,
Santa Clara,2020-03-26,542,83,19,2,,
Santa Clara,2020-03-25,459,84,17,1,,
Santa Clara,2020-03-24,375,54,16,3,,
Santa Clara,2020-03-23,321,19,13,3,,
Santa Clara,2020-03-22,302,39,10,2,,"Woman in 60s
  Woman in 40s"
Santa Clara,2020-03-21,263,67,8,0,,
Santa Clara,2020-03-20,196,7,8,2,,"Man in 80s on 3/17
  Man in 70s"
Santa Clara,2020-03-19,189,14,6,0,,
Santa Clara,2020-03-18,175,20,6,1,,Man in 60s on 3/17
Santa Clara,2020-03-17,155,17,5,1,,Man in 50s on 3/17
Santa Clara,2020-03-16,138,24,4,2,,"Man in 80s on 3/15
  Man in 50s on 3/15"
Santa Clara,2020-03-15,114,23,2,0,,
Santa Clara,2020-03-14,91,12,2,0,,
Santa Clara,2020-03-13,79,13,2,1,,Woman in 80s
Santa Clara,2020-03-12,66,18,1,0,,
Santa Clara,2020-03-11,48,3,1,0,,
Santa Clara,2020-03-10,45,2,1,0,,
Santa Clara,2020-03-09,43,6,1,1,,Woman in 60s on 3/9
Santa Clara,2020-03-08,37,5,0,0,,
Santa Clara,2020-03-07,32,8,0,0,,
Santa Clara,2020-03-06,24,4,0,0,,
Santa Clara,2020-03-05,20,6,0,0,,
Santa Clara,2020-03-04,14,3,0,0,,
Santa Clara,2020-03-03,11,2,0,0,,
Santa Clara,2020-03-02,9,2,0,0,,
Santa Clara,2020-03-01,7,3,0,0,,
Santa Clara,2020-02-29,4,1,0,0,,
Santa Clara,2020-02-28,3,1,0,0,,
Santa Clara,2020-02-27,2,0,0,0,,
Santa Clara,2020-02-26,2,0,0,0,,
Santa Clara,2020-02-25,2,0,0,0,,
Santa Clara,2020-02-24,2,0,0,0,,
Santa Clara,2020-02-23,2,0,0,0,,
Santa Clara,2020-02-22,2,0,0,0,,
Santa Clara,2020-02-21,2,0,0,0,,
Santa Clara,2020-02-20,2,0,0,0,,
Santa Clara,2020-02-19,2,0,0,0,,
Santa Clara,2020-02-18,2,0,0,0,,
Santa Clara,2020-02-17,2,0,0,0,,
Santa Clara,2020-02-16,2,0,0,0,,
Santa Clara,2020-02-15,2,0,0,0,,
Santa Clara,2020-02-14,2,0,0,0,,
Santa Clara,2020-02-13,2,0,0,0,,
Santa Clara,2020-02-12,2,0,0,0,,
Santa Clara,2020-02-11,2,0,0,0,,
Santa Clara,2020-02-10,2,0,0,0,,
Santa Clara,2020-02-09,2,0,0,0,,
Santa Clara,2020-02-08,2,0,0,0,,
Santa Clara,2020-02-07,2,0,0,0,,
Santa Clara,2020-02-06,2,0,0,0,,
Santa Clara,2020-02-05,2,0,0,0,,
Santa Clara,2020-02-04,2,0,0,0,,
Santa Clara,2020-02-03,2,0,0,0,,
Santa Clara,2020-02-02,2,1,0,0,,
Santa Clara,2020-02-01,1,0,0,0,,
Santa Clara,2020-01-31,1,1,0,0,,
Santa Cruz,2020-05-15,149,0,2,0,2020-05-15,
Santa Cruz,2020-05-14,149,3,2,0,2020-05-14,
Santa Cruz,2020-05-13,146,0,2,0,2020-05-13,
Santa Cruz,2020-05-12,146,5,2,0,2020-05-12,
Santa Cruz,2020-05-11,141,0,2,0,2020-05-11,
Santa Cruz,2020-05-10,141,0,2,0,2020-05-10,
Santa Cruz,2020-05-09,141,1,2,0,2020-05-09,
Santa Cruz,2020-05-08,140,1,2,0,2020-05-08,
Santa Cruz,2020-05-07,139,1,2,0,2020-05-07,
Santa Cruz,2020-05-06,138,0,2,0,2020-05-06,
Santa Cruz,2020-05-05,138,1,2,0,2020-05-05,
Santa Cruz,2020-05-04,137,0,2,0,2020-05-04,
Santa Cruz,2020-05-03,137,3,2,0,2020-05-03,
Santa Cruz,2020-05-02,134,2,2,0,2020-05-02,
Santa Cruz,2020-05-01,132,1,2,0,2020-05-01,
Santa Cruz,2020-04-30,131,4,2,0,2020-04-30,
Santa Cruz,2020-04-29,127,2,2,0,2020-04-29,
Santa Cruz,2020-04-28,125,1,2,0,2020-04-28,
Santa Cruz,2020-04-27,124,4,2,0,2020-04-27,
Santa Cruz,2020-04-26,120,5,2,0,2020-04-26,
Santa Cruz,2020-04-25,115,0,2,0,2020-04-24,
Santa Cruz,2020-04-24,115,1,2,0,2020-04-24,
Santa Cruz,2020-04-23,114,3,2,0,2020-04-23,
Santa Cruz,2020-04-22,111,3,2,0,2020-04-22,
Santa Cruz,2020-04-21,108,2,2,0,2020-04-21,
Santa Cruz,2020-04-20,106,2,2,0,2020-04-20,
Santa Cruz,2020-04-19,104,3,2,0,2020-04-19,
Santa Cruz,2020-04-18,101,3,2,0,2020-04-18,
Santa Cruz,2020-04-17,98,2,2,0,2020-04-17,
Santa Cruz,2020-04-16,96,0,2,0,,
Santa Cruz,2020-04-15,96,5,2,1,,
Santa Cruz,2020-04-14,91,0,1,0,,
Santa Cruz,2020-04-13,91,3,1,0,,
Santa Cruz,2020-04-12,88,6,1,0,,
Santa Cruz,2020-04-11,82,2,1,0,,
Santa Cruz,2020-04-10,80,0,1,0,,
Santa Cruz,2020-04-09,80,4,1,0,,
Santa Cruz,2020-04-08,76,0,1,0,,
Santa Cruz,2020-04-07,76,5,1,0,,
Santa Cruz,2020-04-06,71,2,1,0,,
Santa Cruz,2020-04-05,69,7,1,0,,
Santa Cruz,2020-04-04,62,3,1,0,,
Santa Cruz,2020-04-03,59,2,1,0,,
Santa Cruz,2020-04-02,57,3,1,0,,
Santa Cruz,2020-04-01,54,5,1,0,,
Santa Cruz,2020-03-31,49,4,1,0,,
Santa Cruz,2020-03-30,45,1,1,0,,
Santa Cruz,2020-03-29,44,5,1,1,,Man in 70s
Santa Cruz,2020-03-28,39,5,0,0,,
Santa Cruz,2020-03-27,34,2,0,0,,
Santa Cruz,2020-03-26,32,7,0,0,,
Santa Cruz,2020-03-25,25,1,0,0,,
Santa Cruz,2020-03-24,24,2,0,0,,
Santa Cruz,2020-03-23,22,7,0,0,,
Santa Cruz,2020-03-22,15,0,0,0,,
Santa Cruz,2020-03-21,15,0,0,0,,
Santa Cruz,2020-03-20,15,1,0,0,,
Santa Cruz,2020-03-19,14,1,0,0,,
Santa Cruz,2020-03-18,13,0,0,0,,
Santa Cruz,2020-03-17,13,4,0,0,,
Santa Cruz,2020-03-16,9,2,0,0,,
Santa Cruz,2020-03-15,7,0,0,0,,
Santa Cruz,2020-03-14,7,0,0,0,,
Santa Cruz,2020-03-13,7,0,0,0,,
Santa Cruz,2020-03-12,7,3,0,0,,
Santa Cruz,2020-03-11,4,2,0,0,,
Santa Cruz,2020-03-10,2,0,0,0,,
Santa Cruz,2020-03-09,2,1,0,0,,
Santa Cruz,2020-03-08,1,0,0,0,,
Santa Cruz,2020-03-07,1,1,0,0,,
Solano,2020-05-15,410,2,16,2,2020-05-15,
Solano,2020-05-14,408,11,14,2,2020-05-14,
Solano,2020-05-13,397,9,12,1,2020-05-13,
Solano,2020-05-12,388,9,11,1,2020-05-12,
Solano,2020-05-11,379,7,10,3,2020-05-11,
Solano,2020-05-10,372,4,7,0,2020-05-11,
Solano,2020-05-09,368,17,7,0,2020-05-11,
Solano,2020-05-08,351,9,7,0,2020-05-08,
Solano,2020-05-07,342,5,7,0,2020-05-07,
Solano,2020-05-06,337,12,7,1,2020-05-06,
Solano,2020-05-05,325,5,6,0,2020-05-05,
Solano,2020-05-04,320,54,6,1,2020-05-04,
Solano,2020-05-03,266,0,5,0,2020-05-01,
Solano,2020-05-02,266,0,5,0,2020-05-01,
Solano,2020-05-01,266,3,5,0,2020-05-01,
Solano,2020-04-30,263,9,5,0,2020-04-30,
Solano,2020-04-29,254,5,5,1,2020-04-29,
Solano,2020-04-28,249,23,4,0,2020-04-28,
Solano,2020-04-27,226,3,4,0,2020-04-27,
Solano,2020-04-26,223,3,4,0,2020-04-27,
Solano,2020-04-25,220,21,4,0,2020-04-27,
Solano,2020-04-24,199,8,4,0,2020-04-24,
Solano,2020-04-23,191,5,4,1,2020-04-23,
Solano,2020-04-22,186,5,3,0,2020-04-22,
Solano,2020-04-21,181,1,3,1,2020-04-21,
Solano,2020-04-20,180,0,2,0,2020-04-20,
Solano,2020-04-19,180,4,2,0,2020-04-20,
Solano,2020-04-18,176,7,2,0,2020-04-20,
Solano,2020-04-17,169,13,2,0,2020-04-17,
Solano,2020-04-16,156,15,2,0,,
Solano,2020-04-15,141,1,2,0,,
Solano,2020-04-14,140,5,2,0,,
Solano,2020-04-13,135,5,2,0,,
Solano,2020-04-12,130,4,2,0,,
Solano,2020-04-11,126,5,2,0,,
Solano,2020-04-10,121,6,2,0,,
Solano,2020-04-09,115,3,2,0,,
Solano,2020-04-08,112,13,2,0,,
Solano,2020-04-07,99,11,2,1,,
Solano,2020-04-06,88,3,1,0,,
Solano,2020-04-05,85,9,1,0,,
Solano,2020-04-04,76,3,1,0,,
Solano,2020-04-03,73,12,1,0,,
Solano,2020-04-02,61,7,1,1,,
Solano,2020-04-01,54,5,0,0,,
Solano,2020-03-31,49,6,0,0,,
Solano,2020-03-30,43,6,0,0,,
Solano,2020-03-29,37,3,0,0,,
Solano,2020-03-28,34,0,0,0,,
Solano,2020-03-27,34,0,0,0,,
Solano,2020-03-26,34,3,0,0,,
Solano,2020-03-25,31,7,0,0,,
Solano,2020-03-24,24,0,0,0,,
Solano,2020-03-23,24,3,0,0,,
Solano,2020-03-22,21,4,0,0,,
Solano,2020-03-21,17,3,0,0,,
Solano,2020-03-20,14,1,0,0,,
Solano,2020-03-19,13,4,0,0,,
Solano,2020-03-18,9,2,0,0,,
Solano,2020-03-17,7,0,0,0,,
Solano,2020-03-16,7,1,0,0,,
Solano,2020-03-15,6,1,0,0,,
Solano,2020-03-14,5,0,0,0,,
Solano,2020-03-13,5,0,0,0,,
Solano,2020-03-12,5,0,0,0,,
Solano,2020-03-11,5,1,0,0,,
Solano,2020-03-10,4,1,0,0,,
Solano,2020-03-09,3,0,0,0,,
Solano,2020-03-08,3,0,0,0,,
Solano,2020-03-07,3,0,0,0,,
Solano,2020-03-06,3,0,0,0,,
Solano,2020-03-05,3,0,0,0,,
Solano,2020-03-04,3,0,0,0,,
Solano,2020-03-03,3,0,0,0,,
Solano,2020-03-02,3,0,0,0,,
Solano,2020-03-01,3,0,0,0,,
Solano,2020-02-29,3,1,0,0,,
Solano,2020-02-28,2,0,0,0,,
Solano,2020-02-27,2,0,0,0,,
Solano,2020-02-26,2,1,0,0,,
Solano,2020-02-25,1,1,0,0,,
Sonoma,2020-05-15,364,13,4,0,2020-05-15,
Sonoma,2020-05-14,351,14,4,0,2020-05-14,
Sonoma,2020-05-13,337,4,4,0,2020-05-13,
Sonoma,2020-05-12,333,21,4,0,2020-05-12,
Sonoma,2020-05-11,312,3,4,1,2020-05-11,
Sonoma,2020-05-10,309,0,3,0,2020-05-10,
Sonoma,2020-05-09,309,9,3,0,2020-05-09,
Sonoma,2020-05-08,300,8,3,0,2020-05-08,
Sonoma,2020-05-07,292,6,3,0,2020-05-07,
Sonoma,2020-05-06,286,14,3,0,2020-05-06,
Sonoma,2020-05-05,272,11,3,0,2020-05-05,
Sonoma,2020-05-04,261,4,3,0,2020-05-04,
Sonoma,2020-05-03,257,5,3,1,2020-05-03,
Sonoma,2020-05-02,252,4,2,0,2020-05-02,
Sonoma,2020-05-01,248,4,2,0,2020-05-01,
Sonoma,2020-04-30,244,12,2,0,2020-04-30,
Sonoma,2020-04-29,232,4,2,0,2020-04-29,
Sonoma,2020-04-28,228,6,2,0,2020-04-28,
Sonoma,2020-04-27,222,2,2,0,2020-04-27,
Sonoma,2020-04-26,220,2,2,0,2020-04-26,
Sonoma,2020-04-25,218,1,2,0,2020-04-25,
Sonoma,2020-04-24,217,1,2,0,2020-04-24,
Sonoma,2020-04-23,216,22,2,0,2020-04-23,
Sonoma,2020-04-22,194,2,2,0,2020-04-22,
Sonoma,2020-04-21,192,10,2,0,2020-04-21,
Sonoma,2020-04-20,182,1,2,0,2020-04-20,
Sonoma,2020-04-19,181,1,2,0,2020-04-19,
Sonoma,2020-04-18,180,0,2,0,2020-04-18,
Sonoma,2020-04-17,180,8,2,0,2020-04-17,
Sonoma,2020-04-16,172,9,2,0,,
Sonoma,2020-04-15,163,3,2,0,,
Sonoma,2020-04-14,160,8,2,0,,
Sonoma,2020-04-13,152,5,2,0,,
Sonoma,2020-04-12,147,2,2,0,,
Sonoma,2020-04-11,145,0,2,0,,
Sonoma,2020-04-10,145,3,2,1,,
Sonoma,2020-04-09,142,5,1,0,,
Sonoma,2020-04-08,137,17,1,0,,
Sonoma,2020-04-07,120,5,1,0,,
Sonoma,2020-04-06,115,4,1,0,,
Sonoma,2020-04-05,111,4,1,0,,
Sonoma,2020-04-04,107,3,1,0,,
Sonoma,2020-04-03,104,9,1,0,,
Sonoma,2020-04-02,95,4,1,0,,
Sonoma,2020-04-01,91,7,1,0,,
Sonoma,2020-03-31,84,11,1,0,,
Sonoma,2020-03-30,73,7,1,0,,
Sonoma,2020-03-29,66,8,1,0,,
Sonoma,2020-03-28,58,4,1,0,,
Sonoma,2020-03-27,54,7,1,0,,
Sonoma,2020-03-26,47,8,1,0,,
Sonoma,2020-03-25,39,2,1,0,,
Sonoma,2020-03-24,37,8,1,0,,
Sonoma,2020-03-23,29,2,1,0,,
Sonoma,2020-03-22,27,3,1,0,,
Sonoma,2020-03-21,24,2,1,0,,
Sonoma,2020-03-20,22,11,1,1,,
Sonoma,2020-03-19,11,2,0,0,,
Sonoma,2020-03-18,9,0,0,0,,
Sonoma,2020-03-17,9,2,0,0,,
Sonoma,2020-03-16,7,3,0,0,,
Sonoma,2020-03-15,4,0,0,0,,
Sonoma,2020-03-14,4,2,0,0,,
Sonoma,2020-03-13,2,0,0,0,,
Sonoma,2020-03-12,2,0,0,0,,
Sonoma,2020-03-11,2,0,0,0,,
Sonoma,2020-03-10,2,0,0,0,,
Sonoma,2020-03-09,2,0,0,0,,
Sonoma,2020-03-08,2,0,0,0,,
Sonoma,2020-03-07,2,0,0,0,,
Sonoma,2020-03-06,2,0,0,0,,
Sonoma,2020-03-05,2,0,0,0,,
Sonoma,2020-03-04,2,1,0,0,,
Sonoma,2020-03-03,1,0,0,0,,
Sonoma,2020-03-02,1,1,0,0,,
